id,overall_confidence,ligand_confidence,seq_rec,residue_28,residue_42,residue_44,residue_63,residue_66,residue_67,residue_71,residue_106,residue_110
1,0.2029,0.2029,0.5556,I,F,A,A,A,A,L,S,I
2,0.2056,0.2056,0.5556,I,F,A,A,A,A,L,S,I
3,0.3126,0.3126,0.6667,I,F,A,A,T,A,L,S,I
4,0.2014,0.2014,0.5556,I,F,A,A,A,A,L,S,I
5,0.3083,0.3083,0.6667,I,F,A,A,T,A,L,S,I
6,0.1972,0.1972,0.5556,I,F,A,A,A,A,L,S,I
7,0.3151,0.3151,0.6667,I,F,A,A,T,A,L,S,I
8,0.3193,0.3193,0.6667,I,F,A,A,T,A,L,S,I
9,0.327,0.327,0.6667,I,F,A,A,T,A,L,S,I
10,0.2984,0.2984,0.6667,I,F,A,A,T,A,L,S,I
11,0.1939,0.1939,0.5556,I,F,A,A,A,A,L,S,I
12,0.3192,0.3192,0.6667,I,F,A,A,T,A,L,S,I
13,0.2941,0.2941,0.7778,L,F,A,A,T,A,L,S,I
14,0.3093,0.3093,0.6667,I,F,A,A,T,A,L,S,I
15,0.1944,0.1944,0.5556,I,F,A,A,A,A,L,S,I
16,0.2047,0.2047,0.5556,I,F,A,A,A,A,L,S,I
17,0.3142,0.3142,0.6667,I,F,A,A,T,A,L,S,I
18,0.3093,0.3093,0.6667,I,F,A,A,T,A,L,S,I
19,0.3296,0.3296,0.6667,I,F,A,A,T,A,L,S,I
20,0.3192,0.3192,0.6667,I,F,A,A,T,A,L,S,I
21,0.2007,0.2007,0.5556,I,F,A,A,A,A,L,S,I
22,0.3172,0.3172,0.6667,I,F,A,A,T,A,L,S,I
23,0.3113,0.3113,0.6667,I,F,A,A,T,A,L,S,I
24,0.3239,0.3239,0.6667,I,F,A,A,T,A,L,S,I
25,0.3185,0.3185,0.6667,I,F,A,A,T,A,L,S,I
26,0.3216,0.3216,0.6667,I,F,A,A,T,A,L,S,I
27,0.3196,0.3196,0.6667,I,F,A,A,T,A,L,S,I
28,0.3016,0.3016,0.6667,I,F,A,A,T,A,L,S,I
29,0.323,0.323,0.6667,I,F,A,A,T,A,L,S,I
30,0.2054,0.2054,0.5556,I,F,A,A,A,A,L,S,I
31,0.314,0.314,0.6667,I,F,A,A,T,A,L,S,I
32,0.2889,0.2889,0.6667,L,F,A,A,T,A,L,S,I
33,0.311,0.311,0.6667,I,F,A,A,T,A,L,S,I
34,0.3211,0.3211,0.6667,I,F,A,A,T,A,L,S,I
35,0.3149,0.3149,0.6667,I,F,A,A,T,A,L,S,I
36,0.2029,0.2029,0.5556,I,F,A,A,A,A,L,S,I
37,0.32,0.32,0.6667,I,F,A,A,T,A,L,S,I
38,0.317,0.317,0.6667,I,F,A,A,T,A,L,S,I
39,0.3085,0.3085,0.6667,I,F,A,A,T,A,L,S,I
40,0.3211,0.3211,0.6667,I,F,A,A,T,A,L,S,I
41,0.3217,0.3217,0.6667,I,F,A,A,T,A,L,S,I
42,0.1912,0.1912,0.6667,L,F,A,A,A,A,L,S,I
43,0.3164,0.3164,0.6667,I,F,A,A,T,A,L,S,I
44,0.3216,0.3216,0.6667,I,F,A,A,T,A,L,S,I
45,0.3147,0.3147,0.6667,I,F,A,A,T,A,L,S,I
46,0.3201,0.3201,0.6667,I,F,A,A,T,A,L,S,I
47,0.3147,0.3147,0.6667,I,F,A,A,T,A,L,S,I
48,0.3209,0.3209,0.6667,I,F,A,A,T,A,L,S,I
49,0.1956,0.1956,0.5556,I,F,A,A,A,A,L,S,I
50,0.3149,0.3149,0.6667,I,F,A,A,T,A,L,S,I
51,0.3157,0.3157,0.6667,I,F,A,A,T,A,L,S,I
52,0.1988,0.1988,0.5556,I,F,A,A,A,A,L,S,I
53,0.3109,0.3109,0.6667,I,F,A,A,T,A,L,S,I
54,0.3291,0.3291,0.6667,I,F,A,A,T,A,L,S,I
55,0.311,0.311,0.6667,I,F,A,A,T,A,L,S,I
56,0.3127,0.3127,0.6667,I,F,A,A,T,A,L,S,I
57,0.3029,0.3029,0.5556,I,F,A,A,T,A,L,S,I
58,0.3176,0.3176,0.6667,I,F,A,A,T,A,L,S,I
59,0.3129,0.3129,0.6667,I,F,A,A,T,A,L,S,I
60,0.2085,0.2085,0.5556,I,F,A,A,A,A,L,S,I
61,0.2052,0.2052,0.5556,I,F,A,A,A,A,L,S,I
62,0.3168,0.3168,0.6667,I,F,A,A,T,A,L,S,I
63,0.3001,0.3001,0.7778,L,F,A,A,T,A,L,S,I
64,0.3042,0.3042,0.6667,I,F,A,A,T,A,L,S,I
65,0.3171,0.3171,0.6667,I,F,A,A,T,A,L,S,I
66,0.2097,0.2097,0.5556,I,F,A,A,A,A,L,S,I
67,0.1991,0.1991,0.5556,I,F,A,A,A,A,L,S,I
68,0.3263,0.3263,0.6667,I,F,A,A,T,A,L,S,I
69,0.1994,0.1994,0.5556,I,F,A,A,A,A,L,S,I
70,0.2056,0.2056,0.5556,I,F,A,A,A,A,L,S,I
71,0.3231,0.3231,0.6667,I,F,A,A,T,A,L,S,I
72,0.3121,0.3121,0.6667,I,F,A,A,T,A,L,S,I
73,0.2046,0.2046,0.5556,I,F,A,A,A,A,L,S,I
74,0.2936,0.2936,0.6667,L,F,A,A,T,A,L,S,I
75,0.312,0.312,0.6667,I,F,A,A,T,A,L,S,I
76,0.3146,0.3146,0.6667,I,F,A,A,T,A,L,S,I
77,0.1924,0.1924,0.6667,A,F,A,A,T,A,L,S,I
78,0.2052,0.2052,0.5556,I,F,A,A,A,A,L,S,I
79,0.2955,0.2955,0.7778,L,F,A,A,T,A,L,S,I
80,0.322,0.322,0.6667,I,F,A,A,T,A,L,S,I
81,0.2033,0.2033,0.5556,I,F,A,A,A,A,L,S,I
82,0.3125,0.3125,0.6667,I,F,A,A,T,A,L,S,I
83,0.3173,0.3173,0.6667,I,F,A,A,T,A,L,S,I
84,0.3128,0.3128,0.6667,I,F,A,A,T,A,L,S,I
85,0.3086,0.3086,0.6667,I,F,A,A,T,A,L,S,I
86,0.312,0.312,0.6667,I,F,A,A,T,A,L,S,I
87,0.3192,0.3192,0.6667,I,F,A,A,T,A,L,S,I
88,0.3279,0.3279,0.6667,I,F,A,A,T,A,L,S,I
89,0.2015,0.2015,0.5556,I,F,A,A,A,A,L,S,I
90,0.3052,0.3052,0.6667,I,F,A,A,T,A,L,S,I
91,0.3085,0.3085,0.6667,I,F,A,A,T,A,L,S,I
92,0.3193,0.3193,0.6667,I,F,A,A,T,A,L,S,I
93,0.3089,0.3089,0.6667,I,F,A,A,T,A,L,S,I
94,0.3303,0.3303,0.6667,I,F,A,A,T,A,L,S,I
95,0.3183,0.3183,0.6667,I,F,A,A,T,A,L,S,I
96,0.3034,0.3034,0.7778,L,F,A,A,T,A,L,S,I
97,0.2141,0.2141,0.5556,I,F,A,A,A,A,L,S,I
98,0.3134,0.3134,0.6667,I,F,A,A,T,A,L,S,I
99,0.3103,0.3103,0.6667,I,F,A,A,T,A,L,S,I
100,0.3237,0.3237,0.6667,I,F,A,A,T,A,L,S,I
101,0.3165,0.3165,0.6667,I,F,A,A,T,A,L,S,I
102,0.3229,0.3229,0.6667,I,F,A,A,T,A,L,S,I
103,0.3261,0.3261,0.6667,I,F,A,A,T,A,L,S,I
104,0.3107,0.3107,0.6667,I,F,A,A,T,A,L,S,I
105,0.1995,0.1995,0.5556,I,F,A,A,A,A,L,S,I
106,0.2029,0.2029,0.5556,I,F,A,A,A,A,L,S,I
107,0.3216,0.3216,0.6667,I,F,A,A,T,A,L,S,I
108,0.3035,0.3035,0.6667,I,F,A,A,T,A,L,S,I
109,0.305,0.305,0.6667,I,F,A,A,T,A,L,S,I
110,0.3062,0.3062,0.6667,I,F,A,A,T,A,L,S,I
111,0.3033,0.3033,0.6667,I,F,A,A,T,A,L,S,I
112,0.311,0.311,0.6667,I,F,A,A,T,A,L,S,I
113,0.3241,0.3241,0.6667,I,F,A,A,T,A,L,S,I
114,0.3198,0.3198,0.6667,I,F,A,A,T,A,L,S,I
115,0.3136,0.3136,0.6667,I,F,A,A,T,A,L,S,I
116,0.3107,0.3107,0.6667,I,F,A,A,T,A,L,S,I
117,0.3204,0.3204,0.6667,I,F,A,A,T,A,L,S,I
118,0.3087,0.3087,0.6667,I,F,A,A,T,A,L,S,I
119,0.205,0.205,0.5556,I,F,A,A,A,A,L,S,I
120,0.1995,0.1995,0.5556,I,F,A,A,A,A,L,S,I
121,0.3109,0.3109,0.6667,I,F,A,A,T,A,L,S,I
122,0.3047,0.3047,0.6667,I,F,A,A,T,A,L,S,I
123,0.3161,0.3161,0.6667,I,F,A,A,T,A,L,S,I
124,0.3256,0.3256,0.6667,I,F,A,A,T,A,L,S,I
125,0.3287,0.3287,0.6667,I,F,A,A,T,A,L,S,I
126,0.3169,0.3169,0.6667,I,F,A,A,T,A,L,S,I
127,0.3112,0.3112,0.6667,I,F,A,A,T,A,L,S,I
128,0.328,0.328,0.6667,I,F,A,A,T,A,L,S,I
129,0.201,0.201,0.5556,I,F,A,A,A,A,L,S,I
130,0.321,0.321,0.6667,I,F,A,A,T,A,L,S,I
131,0.3138,0.3138,0.6667,I,F,A,A,T,A,L,S,I
132,0.3124,0.3124,0.6667,I,F,A,A,T,A,L,S,I
133,0.312,0.312,0.6667,I,F,A,A,T,A,L,S,I
134,0.3096,0.3096,0.6667,I,F,A,A,T,A,L,S,I
135,0.1948,0.1948,0.6667,L,F,A,A,A,A,L,S,I
136,0.1975,0.1975,0.5556,I,F,A,A,A,A,L,S,I
137,0.3259,0.3259,0.6667,I,F,A,A,T,A,L,S,I
138,0.3079,0.3079,0.6667,I,F,A,A,T,A,L,S,I
139,0.3255,0.3255,0.6667,I,F,A,A,T,A,L,S,I
140,0.2024,0.2024,0.5556,I,F,A,A,A,A,L,S,I
141,0.3085,0.3085,0.6667,I,F,A,A,T,A,L,S,I
142,0.3195,0.3195,0.6667,I,F,A,A,T,A,L,S,I
143,0.3209,0.3209,0.6667,I,F,A,A,T,A,L,S,I
144,0.3132,0.3132,0.6667,I,F,A,A,T,A,L,S,I
145,0.3019,0.3019,0.7778,L,F,A,A,T,A,L,S,I
146,0.3119,0.3119,0.6667,I,F,A,A,T,A,L,S,I
147,0.3152,0.3152,0.6667,I,F,A,A,T,A,L,S,I
148,0.2128,0.2128,0.5556,I,F,A,A,A,A,L,S,I
149,0.2048,0.2048,0.5556,I,F,A,A,A,A,L,S,I
150,0.3062,0.3062,0.6667,I,F,A,A,T,A,L,S,I
151,0.2061,0.2061,0.5556,I,F,A,A,A,A,L,S,I
152,0.2096,0.2096,0.5556,I,F,A,A,A,A,L,S,I
153,0.3131,0.3131,0.6667,I,F,A,A,T,A,L,S,I
154,0.3309,0.3309,0.6667,I,F,A,A,T,A,L,S,I
155,0.3126,0.3126,0.6667,I,F,A,A,T,A,L,S,I
156,0.331,0.331,0.6667,I,F,A,A,T,A,L,S,I
157,0.3231,0.3231,0.6667,I,F,A,A,T,A,L,S,I
158,0.3218,0.3218,0.6667,I,F,A,A,T,A,L,S,I
159,0.3205,0.3205,0.6667,I,F,A,A,T,A,L,S,I
160,0.3322,0.3322,0.6667,I,F,A,A,T,A,L,S,I
161,0.2925,0.2925,0.7778,L,F,A,A,T,A,L,S,I
162,0.2014,0.2014,0.5556,I,F,A,A,A,A,L,S,I
163,0.308,0.308,0.6667,I,F,A,A,T,A,L,S,I
164,0.3117,0.3117,0.6667,I,F,A,A,T,A,L,S,I
165,0.3158,0.3158,0.6667,I,F,A,A,T,A,L,S,I
166,0.3222,0.3222,0.6667,I,F,A,A,T,A,L,S,I
167,0.3213,0.3213,0.6667,I,F,A,A,T,A,L,S,I
168,0.3226,0.3226,0.6667,I,F,A,A,T,A,L,S,I
169,0.3079,0.3079,0.6667,I,F,A,A,T,A,L,S,I
170,0.3164,0.3164,0.6667,I,F,A,A,T,A,L,S,I
171,0.3177,0.3177,0.6667,I,F,A,A,T,A,L,S,I
172,0.2993,0.2993,0.7778,L,F,A,A,T,A,L,S,I
173,0.2,0.2,0.5556,I,F,A,A,A,A,L,S,I
174,0.3252,0.3252,0.6667,I,F,A,A,T,A,L,S,I
175,0.3137,0.3137,0.6667,I,F,A,A,T,A,L,S,I
176,0.3047,0.3047,0.6667,I,F,A,A,T,A,L,S,I
177,0.317,0.317,0.6667,I,F,A,A,T,A,L,S,I
178,0.3168,0.3168,0.6667,I,F,A,A,T,A,L,S,I
179,0.3117,0.3117,0.6667,I,F,A,A,T,A,L,S,I
180,0.3129,0.3129,0.6667,I,F,A,A,T,A,L,S,I
181,0.325,0.325,0.6667,I,F,A,A,T,A,L,S,I
182,0.3259,0.3259,0.6667,I,F,A,A,T,A,L,S,I
183,0.2053,0.2053,0.5556,I,F,A,A,A,A,L,S,I
184,0.3102,0.3102,0.6667,I,F,A,A,T,A,L,S,I
185,0.2028,0.2028,0.5556,I,F,A,A,A,A,L,S,I
186,0.3128,0.3128,0.6667,I,F,A,A,T,A,L,S,I
187,0.3213,0.3213,0.6667,I,F,A,A,T,A,L,S,I
188,0.208,0.208,0.5556,I,F,A,A,A,A,L,S,I
189,0.3193,0.3193,0.6667,I,F,A,A,T,A,L,S,I
190,0.3206,0.3206,0.6667,I,F,A,A,T,A,L,S,I
191,0.3176,0.3176,0.6667,I,F,A,A,T,A,L,S,I
192,0.2123,0.2123,0.5556,I,F,A,A,A,A,L,S,I
193,0.3181,0.3181,0.6667,I,F,A,A,T,A,L,S,I
194,0.298,0.298,0.6667,I,F,A,A,T,A,L,S,I
195,0.1938,0.1938,0.5556,I,F,A,A,A,A,L,S,I
196,0.196,0.196,0.5556,I,F,A,A,A,A,L,S,I
197,0.3091,0.3091,0.6667,I,F,A,A,T,A,L,S,I
198,0.303,0.303,0.6667,I,F,A,A,T,A,L,S,I
199,0.322,0.322,0.6667,I,F,A,A,T,A,L,S,I
200,0.3209,0.3209,0.6667,I,F,A,A,T,A,L,S,I
201,0.3096,0.3096,0.6667,I,F,A,A,T,A,L,S,I
202,0.2034,0.2034,0.5556,I,F,A,A,A,A,L,S,I
203,0.1935,0.1935,0.5556,I,F,A,A,A,A,L,S,I
204,0.3192,0.3192,0.6667,I,F,A,A,T,A,L,S,I
205,0.3137,0.3137,0.6667,I,F,A,A,T,A,L,S,I
206,0.3149,0.3149,0.6667,I,F,A,A,T,A,L,S,I
207,0.3097,0.3097,0.6667,I,F,A,A,T,A,L,S,I
208,0.187,0.187,0.6667,L,F,A,A,A,A,L,S,I
209,0.1996,0.1996,0.5556,I,F,A,A,A,A,L,S,I
210,0.3306,0.3306,0.6667,I,F,A,A,T,A,L,S,I
211,0.3125,0.3125,0.6667,I,F,A,A,T,A,L,S,I
212,0.3071,0.3071,0.6667,I,F,A,A,T,A,L,S,I
213,0.3161,0.3161,0.6667,I,F,A,A,T,A,L,S,I
214,0.3118,0.3118,0.6667,I,F,A,A,T,A,L,S,I
215,0.319,0.319,0.6667,I,F,A,A,T,A,L,S,I
216,0.3119,0.3119,0.6667,I,F,A,A,T,A,L,S,I
217,0.3179,0.3179,0.6667,I,F,A,A,T,A,L,S,I
218,0.3165,0.3165,0.6667,I,F,A,A,T,A,L,S,I
219,0.307,0.307,0.6667,I,F,A,A,T,A,L,S,I
220,0.3042,0.3042,0.6667,I,F,A,A,T,A,L,S,I
221,0.3164,0.3164,0.6667,I,F,A,A,T,A,L,S,I
222,0.2084,0.2084,0.5556,I,F,A,A,A,A,L,S,I
223,0.2051,0.2051,0.5556,I,F,A,A,A,A,L,S,I
224,0.3105,0.3105,0.6667,I,F,A,A,T,A,L,S,I
225,0.2056,0.2056,0.5556,I,F,A,A,A,A,L,S,I
226,0.3231,0.3231,0.6667,I,F,A,A,T,A,L,S,I
227,0.3336,0.3336,0.6667,I,F,A,A,T,A,L,S,I
228,0.3177,0.3177,0.6667,I,F,A,A,T,A,L,S,I
229,0.1925,0.1925,0.6667,L,F,A,A,A,A,L,S,I
230,0.2062,0.2062,0.5556,I,F,A,A,A,A,L,S,I
231,0.1958,0.1958,0.5556,I,F,A,A,A,A,L,S,I
232,0.3107,0.3107,0.6667,I,F,A,A,T,A,L,S,I
233,0.3124,0.3124,0.6667,I,F,A,A,T,A,L,S,I
234,0.3217,0.3217,0.6667,I,F,A,A,T,A,L,S,I
235,0.3111,0.3111,0.6667,I,F,A,A,T,A,L,S,I
236,0.3251,0.3251,0.6667,I,F,A,A,T,A,L,S,I
237,0.3034,0.3034,0.6667,I,F,A,A,T,A,L,S,I
238,0.1992,0.1992,0.5556,I,F,A,A,A,A,L,S,I
239,0.3043,0.3043,0.6667,I,F,A,A,T,A,L,S,I
240,0.3045,0.3045,0.6667,I,F,A,A,T,A,L,S,I
241,0.3225,0.3225,0.6667,I,F,A,A,T,A,L,S,I
242,0.205,0.205,0.5556,I,F,A,A,A,A,L,S,I
243,0.3216,0.3216,0.6667,I,F,A,A,T,A,L,S,I
244,0.2041,0.2041,0.5556,I,F,A,A,A,A,L,S,I
245,0.2065,0.2065,0.5556,I,F,A,A,A,A,L,S,I
246,0.3208,0.3208,0.6667,I,F,A,A,T,A,L,S,I
247,0.3083,0.3083,0.6667,I,F,A,A,T,A,L,S,I
248,0.3157,0.3157,0.6667,I,F,A,A,T,A,L,S,I
249,0.3338,0.3338,0.6667,I,F,A,A,T,A,L,S,I
250,0.2905,0.2905,0.6667,L,F,A,A,T,A,L,S,I
251,0.3105,0.3105,0.6667,I,F,A,A,T,A,L,S,I
252,0.3057,0.3057,0.6667,I,F,A,A,T,A,L,S,I
253,0.3045,0.3045,0.6667,I,F,A,A,T,A,L,S,I
254,0.2994,0.2994,0.7778,L,F,A,A,T,A,L,S,I
255,0.3111,0.3111,0.6667,I,F,A,A,T,A,L,S,I
256,0.3095,0.3095,0.6667,I,F,A,A,T,A,L,S,I
257,0.3088,0.3088,0.6667,I,F,A,A,T,A,L,S,I
258,0.3099,0.3099,0.6667,I,F,A,A,T,A,L,S,I
259,0.1959,0.1959,0.5556,I,F,A,A,A,A,L,S,I
260,0.3204,0.3204,0.6667,I,F,A,A,T,A,L,S,I
261,0.3038,0.3038,0.6667,I,F,A,A,T,A,L,S,I
262,0.1962,0.1962,0.5556,I,F,A,A,A,A,L,S,I
263,0.3003,0.3003,0.7778,L,F,A,A,T,A,L,S,I
264,0.3094,0.3094,0.5556,I,F,A,A,T,A,L,S,I
265,0.1994,0.1994,0.5556,I,F,A,A,A,A,L,S,I
266,0.1959,0.1959,0.5556,I,F,A,A,A,A,L,S,I
267,0.3187,0.3187,0.6667,I,F,A,A,T,A,L,S,I
268,0.3079,0.3079,0.6667,I,F,A,A,T,A,L,S,I
269,0.3211,0.3211,0.6667,I,F,A,A,T,A,L,S,I
270,0.2001,0.2001,0.5556,I,F,A,A,A,A,L,S,I
271,0.3215,0.3215,0.6667,I,F,A,A,T,A,L,S,I
272,0.3124,0.3124,0.6667,I,F,A,A,T,A,L,S,I
273,0.1962,0.1962,0.5556,I,F,A,A,A,A,L,S,I
274,0.3094,0.3094,0.6667,I,F,A,A,T,A,L,S,I
275,0.3118,0.3118,0.6667,I,F,A,A,T,A,L,S,I
276,0.2008,0.2008,0.5556,I,F,A,A,A,A,L,S,I
277,0.3062,0.3062,0.6667,I,F,A,A,T,A,L,S,I
278,0.311,0.311,0.6667,I,F,A,A,T,A,L,S,I
279,0.3057,0.3057,0.6667,I,F,A,A,T,A,L,S,I
280,0.3071,0.3071,0.6667,I,F,A,A,T,A,L,S,I
281,0.3254,0.3254,0.6667,I,F,A,A,T,A,L,S,I
282,0.3193,0.3193,0.6667,I,F,A,A,T,A,L,S,I
283,0.2105,0.2105,0.5556,I,F,A,A,A,A,L,S,I
284,0.3158,0.3158,0.6667,I,F,A,A,T,A,L,S,I
285,0.3086,0.3086,0.6667,I,F,A,A,T,A,L,S,I
286,0.3217,0.3217,0.6667,I,F,A,A,T,A,L,S,I
287,0.3155,0.3155,0.6667,I,F,A,A,T,A,L,S,I
288,0.3119,0.3119,0.6667,I,F,A,A,T,A,L,S,I
289,0.3138,0.3138,0.6667,I,F,A,A,T,A,L,S,I
290,0.3223,0.3223,0.6667,I,F,A,A,T,A,L,S,I
291,0.3223,0.3223,0.6667,I,F,A,A,T,A,L,S,I
292,0.1958,0.1958,0.5556,I,F,A,A,A,A,L,S,I
293,0.3138,0.3138,0.6667,I,F,A,A,T,A,L,S,I
294,0.326,0.326,0.6667,I,F,A,A,T,A,L,S,I
295,0.3105,0.3105,0.6667,I,F,A,A,T,A,L,S,I
296,0.1955,0.1955,0.5556,I,F,A,A,A,A,L,S,I
297,0.207,0.207,0.5556,I,F,A,A,A,A,L,S,I
298,0.3033,0.3033,0.6667,I,F,A,A,T,A,L,S,I
299,0.3189,0.3189,0.6667,I,F,A,A,T,A,L,S,I
300,0.2993,0.2993,0.5556,I,F,A,A,T,A,L,S,I
301,0.3074,0.3074,0.6667,I,F,A,A,T,A,L,S,I
302,0.3071,0.3071,0.6667,I,F,A,A,T,A,L,S,I
303,0.3083,0.3083,0.6667,I,F,A,A,T,A,L,S,I
304,0.3165,0.3165,0.6667,I,F,A,A,T,A,L,S,I
305,0.3255,0.3255,0.6667,I,F,A,A,T,A,L,S,I
306,0.2003,0.2003,0.5556,I,F,A,A,A,A,L,S,I
307,0.3191,0.3191,0.6667,I,F,A,A,T,A,L,S,I
308,0.3238,0.3238,0.6667,I,F,A,A,T,A,L,S,I
309,0.2008,0.2008,0.5556,I,F,A,A,A,A,L,S,I
310,0.2078,0.2078,0.5556,I,F,A,A,A,A,L,S,I
311,0.3215,0.3215,0.6667,I,F,A,A,T,A,L,S,I
312,0.2082,0.2082,0.5556,I,F,A,A,A,A,L,S,I
313,0.3148,0.3148,0.6667,I,F,A,A,T,A,L,S,I
314,0.3185,0.3185,0.6667,I,F,A,A,T,A,L,S,I
315,0.309,0.309,0.6667,I,F,A,A,T,A,L,S,I
316,0.3161,0.3161,0.6667,I,F,A,A,T,A,L,S,I
317,0.2008,0.2008,0.5556,I,F,A,A,A,A,L,S,I
318,0.3301,0.3301,0.6667,I,F,A,A,T,A,L,S,I
319,0.2959,0.2959,0.7778,L,F,A,A,T,A,L,S,I
320,0.2994,0.2994,0.6667,I,F,A,A,T,A,L,S,I
321,0.2008,0.2008,0.5556,I,F,A,A,A,A,L,S,I
322,0.3227,0.3227,0.6667,I,F,A,A,T,A,L,S,I
323,0.3157,0.3157,0.6667,I,F,A,A,T,A,L,S,I
324,0.2106,0.2106,0.5556,I,F,A,A,A,A,L,S,I
325,0.204,0.204,0.5556,I,F,A,A,A,A,L,S,I
326,0.299,0.299,0.6667,I,F,A,A,T,A,L,S,I
327,0.1979,0.1979,0.5556,I,F,A,A,A,A,L,S,I
328,0.3192,0.3192,0.6667,I,F,A,A,T,A,L,S,I
329,0.3086,0.3086,0.6667,I,F,A,A,T,A,L,S,I
330,0.3083,0.3083,0.6667,I,F,A,A,T,A,L,S,I
331,0.3055,0.3055,0.6667,I,F,A,A,T,A,L,S,I
332,0.3043,0.3043,0.6667,I,F,A,A,T,A,L,S,I
333,0.3064,0.3064,0.6667,I,F,A,A,T,A,L,S,I
334,0.3059,0.3059,0.6667,I,F,A,A,T,A,L,S,I
335,0.3125,0.3125,0.6667,I,F,A,A,T,A,L,S,I
336,0.3117,0.3117,0.6667,I,F,A,A,T,A,L,S,I
337,0.1969,0.1969,0.5556,I,F,A,A,A,A,L,S,I
338,0.3142,0.3142,0.6667,I,F,A,A,T,A,L,S,I
339,0.32,0.32,0.6667,I,F,A,A,T,A,L,S,I
340,0.2026,0.2026,0.5556,I,F,A,A,A,A,L,S,I
341,0.3181,0.3181,0.6667,I,F,A,A,T,A,L,S,I
342,0.3155,0.3155,0.6667,I,F,A,A,T,A,L,S,I
343,0.1971,0.1971,0.5556,I,F,A,A,A,A,L,S,I
344,0.3201,0.3201,0.6667,I,F,A,A,T,A,L,S,I
345,0.3268,0.3268,0.6667,I,F,A,A,T,A,L,S,I
346,0.3022,0.3022,0.6667,I,F,A,A,T,A,L,S,I
347,0.2055,0.2055,0.5556,I,F,A,A,A,A,L,S,I
348,0.318,0.318,0.6667,I,F,A,A,T,A,L,S,I
349,0.3206,0.3206,0.6667,I,F,A,A,T,A,L,S,I
350,0.3188,0.3188,0.6667,I,F,A,A,T,A,L,S,I
351,0.301,0.301,0.6667,I,F,A,A,T,A,L,S,I
352,0.3096,0.3096,0.6667,I,F,A,A,T,A,L,S,I
353,0.3119,0.3119,0.6667,I,F,A,A,T,A,L,S,I
354,0.3132,0.3132,0.6667,I,F,A,A,T,A,L,S,I
355,0.3001,0.3001,0.6667,I,F,A,A,T,A,L,S,I
356,0.3234,0.3234,0.6667,I,F,A,A,T,A,L,S,I
357,0.2055,0.2055,0.5556,I,F,A,A,A,A,L,S,I
358,0.3244,0.3244,0.6667,I,F,A,A,T,A,L,S,I
359,0.3189,0.3189,0.6667,I,F,A,A,T,A,L,S,I
360,0.3145,0.3145,0.6667,I,F,A,A,T,A,L,S,I
361,0.3144,0.3144,0.6667,I,F,A,A,T,A,L,S,I
362,0.3183,0.3183,0.6667,I,F,A,A,T,A,L,S,I
363,0.3266,0.3266,0.6667,I,F,A,A,T,A,L,S,I
364,0.1996,0.1996,0.5556,I,F,A,A,A,A,L,S,I
365,0.194,0.194,0.5556,I,F,A,A,A,A,L,S,I
366,0.3046,0.3046,0.6667,I,F,A,A,T,A,L,S,I
367,0.3233,0.3233,0.6667,I,F,A,A,T,A,L,S,I
368,0.2,0.2,0.5556,I,F,A,A,A,A,L,S,I
369,0.2007,0.2007,0.5556,I,F,A,A,A,A,L,S,I
370,0.3248,0.3248,0.6667,I,F,A,A,T,A,L,S,I
371,0.2076,0.2076,0.5556,I,F,A,A,A,A,L,S,I
372,0.3041,0.3041,0.7778,L,F,A,A,T,A,L,S,I
373,0.3164,0.3164,0.6667,I,F,A,A,T,A,L,S,I
374,0.3208,0.3208,0.6667,I,F,A,A,T,A,L,S,I
375,0.3101,0.3101,0.6667,I,F,A,A,T,A,L,S,I
376,0.3114,0.3114,0.6667,I,F,A,A,T,A,L,S,I
377,0.3141,0.3141,0.6667,I,F,A,A,T,A,L,S,I
378,0.2046,0.2046,0.5556,I,F,A,A,A,A,L,S,I
379,0.2119,0.2119,0.5556,I,F,A,A,A,A,L,S,I
380,0.3135,0.3135,0.6667,I,F,A,A,T,A,L,S,I
381,0.3216,0.3216,0.6667,I,F,A,A,T,A,L,S,I
382,0.2081,0.2081,0.5556,I,F,A,A,A,A,L,S,I
383,0.2095,0.2095,0.5556,I,F,A,A,A,A,L,S,I
384,0.3187,0.3187,0.6667,I,F,A,A,T,A,L,S,I
385,0.3169,0.3169,0.6667,I,F,A,A,T,A,L,S,I
386,0.3183,0.3183,0.6667,I,F,A,A,T,A,L,S,I
387,0.1999,0.1999,0.5556,I,F,A,A,A,A,L,S,I
388,0.3051,0.3051,0.6667,I,F,A,A,T,A,L,S,I
389,0.2028,0.2028,0.5556,I,F,A,A,A,A,L,S,I
390,0.3152,0.3152,0.6667,I,F,A,A,T,A,L,S,I
391,0.312,0.312,0.6667,I,F,A,A,T,A,L,S,I
392,0.305,0.305,0.6667,I,F,A,A,T,A,L,S,I
393,0.3162,0.3162,0.6667,I,F,A,A,T,A,L,S,I
394,0.1894,0.1894,0.6667,L,F,A,A,A,A,L,S,I
395,0.317,0.317,0.6667,I,F,A,A,T,A,L,S,I
396,0.2897,0.2897,0.7778,L,F,A,A,T,A,L,S,I
397,0.2972,0.2972,0.7778,L,F,A,A,T,A,L,S,I
398,0.3037,0.3037,0.6667,I,F,A,A,T,A,L,S,I
399,0.3159,0.3159,0.6667,I,F,A,A,T,A,L,S,I
400,0.2092,0.2092,0.5556,I,F,A,A,A,A,L,S,I
401,0.3081,0.3081,0.6667,I,F,A,A,T,A,L,S,I
402,0.327,0.327,0.6667,I,F,A,A,T,A,L,S,I
403,0.2019,0.2019,0.5556,I,F,A,A,A,A,L,S,I
404,0.3048,0.3048,0.6667,I,F,A,A,T,A,L,S,I
405,0.2958,0.2958,0.7778,L,F,A,A,T,A,L,S,I
406,0.3174,0.3174,0.6667,I,F,A,A,T,A,L,S,I
407,0.3082,0.3082,0.6667,I,F,A,A,T,A,L,S,I
408,0.3161,0.3161,0.6667,I,F,A,A,T,A,L,S,I
409,0.3098,0.3098,0.6667,I,F,A,A,T,A,L,S,I
410,0.3021,0.3021,0.6667,I,F,A,A,T,A,L,S,I
411,0.2075,0.2075,0.5556,I,F,A,A,A,A,L,S,I
412,0.2039,0.2039,0.5556,I,F,A,A,A,A,L,S,I
413,0.3173,0.3173,0.6667,I,F,A,A,T,A,L,S,I
414,0.3195,0.3195,0.6667,I,F,A,A,T,A,L,S,I
415,0.2052,0.2052,0.5556,I,F,A,A,A,A,L,S,I
416,0.3179,0.3179,0.6667,I,F,A,A,T,A,L,S,I
417,0.3302,0.3302,0.6667,I,F,A,A,T,A,L,S,I
418,0.3119,0.3119,0.6667,I,F,A,A,T,A,L,S,I
419,0.3163,0.3163,0.6667,I,F,A,A,T,A,L,S,I
420,0.3092,0.3092,0.6667,I,F,A,A,T,A,L,S,I
421,0.3218,0.3218,0.6667,I,F,A,A,T,A,L,S,I
422,0.31,0.31,0.6667,I,F,A,A,T,A,L,S,I
423,0.2938,0.2938,0.7778,L,F,A,A,T,A,L,S,I
424,0.3239,0.3239,0.6667,I,F,A,A,T,A,L,S,I
425,0.3175,0.3175,0.6667,I,F,A,A,T,A,L,S,I
426,0.3123,0.3123,0.6667,I,F,A,A,T,A,L,S,I
427,0.2072,0.2072,0.5556,I,F,A,A,A,A,L,S,I
428,0.3053,0.3053,0.6667,I,F,A,A,T,A,L,S,I
429,0.3019,0.3019,0.6667,I,F,A,A,T,A,L,S,I
430,0.3029,0.3029,0.6667,I,F,A,A,T,A,L,S,I
431,0.3138,0.3138,0.6667,I,F,A,A,T,A,L,S,I
432,0.1953,0.1953,0.5556,I,F,A,A,A,A,L,S,I
433,0.3153,0.3153,0.6667,I,F,A,A,T,A,L,S,I
434,0.2984,0.2984,0.7778,L,F,A,A,T,A,L,S,I
435,0.3239,0.3239,0.6667,I,F,A,A,T,A,L,S,I
436,0.2045,0.2045,0.5556,I,F,A,A,A,A,L,S,I
437,0.3344,0.3344,0.6667,I,F,A,A,T,A,L,S,I
438,0.312,0.312,0.6667,I,F,A,A,T,A,L,S,I
439,0.1925,0.1925,0.5556,I,F,A,A,A,A,L,S,I
440,0.3088,0.3088,0.6667,I,F,A,A,T,A,L,S,I
441,0.309,0.309,0.6667,I,F,A,A,T,A,L,S,I
442,0.2075,0.2075,0.5556,I,F,A,A,A,A,L,S,I
443,0.3127,0.3127,0.6667,I,F,A,A,T,A,L,S,I
444,0.3195,0.3195,0.6667,I,F,A,A,T,A,L,S,I
445,0.3232,0.3232,0.6667,I,F,A,A,T,A,L,S,I
446,0.203,0.203,0.5556,I,F,A,A,A,A,L,S,I
447,0.3219,0.3219,0.6667,I,F,A,A,T,A,L,S,I
448,0.3348,0.3348,0.6667,I,F,A,A,T,A,L,S,I
449,0.3043,0.3043,0.6667,I,F,A,A,T,A,L,S,I
450,0.3092,0.3092,0.6667,I,F,A,A,T,A,L,S,I
451,0.3067,0.3067,0.6667,I,F,A,A,T,A,L,S,I
452,0.318,0.318,0.6667,I,F,A,A,T,A,L,S,I
453,0.3141,0.3141,0.6667,I,F,A,A,T,A,L,S,I
454,0.301,0.301,0.6667,I,F,A,A,T,A,L,S,I
455,0.3153,0.3153,0.6667,I,F,A,A,T,A,L,S,I
456,0.1888,0.1888,0.6667,L,F,A,A,A,A,L,S,I
457,0.3216,0.3216,0.6667,I,F,A,A,T,A,L,S,I
458,0.2988,0.2988,0.5556,I,F,A,A,T,A,L,S,I
459,0.3055,0.3055,0.7778,L,F,A,A,T,A,L,S,I
460,0.3222,0.3222,0.6667,I,F,A,A,T,A,L,S,I
461,0.3263,0.3263,0.6667,I,F,A,A,T,A,L,S,I
462,0.1935,0.1935,0.5556,I,F,A,A,A,A,L,S,I
463,0.2044,0.2044,0.5556,I,F,A,A,A,A,L,S,I
464,0.3204,0.3204,0.6667,I,F,A,A,T,A,L,S,I
465,0.312,0.312,0.6667,I,F,A,A,T,A,L,S,I
466,0.3131,0.3131,0.6667,I,F,A,A,T,A,L,S,I
467,0.3231,0.3231,0.6667,I,F,A,A,T,A,L,S,I
468,0.3066,0.3066,0.6667,I,F,A,A,T,A,L,S,I
469,0.3218,0.3218,0.6667,I,F,A,A,T,A,L,S,I
470,0.3016,0.3016,0.6667,I,F,A,A,T,A,L,S,I
471,0.3178,0.3178,0.6667,I,F,A,A,T,A,L,S,I
472,0.3232,0.3232,0.6667,I,F,A,A,T,A,L,S,I
473,0.324,0.324,0.6667,I,F,A,A,T,A,L,S,I
474,0.1876,0.1876,0.6667,A,F,A,A,T,A,L,S,I
475,0.3147,0.3147,0.6667,I,F,A,A,T,A,L,S,I
476,0.3151,0.3151,0.6667,I,F,A,A,T,A,L,S,I
477,0.3087,0.3087,0.6667,I,F,A,A,T,A,L,S,I
478,0.3172,0.3172,0.6667,I,F,A,A,T,A,L,S,I
479,0.1952,0.1952,0.5556,I,F,A,A,A,A,L,S,I
480,0.312,0.312,0.6667,I,F,A,A,T,A,L,S,I
481,0.32,0.32,0.6667,I,F,A,A,T,A,L,S,I
482,0.3067,0.3067,0.6667,I,F,A,A,T,A,L,S,I
483,0.2007,0.2007,0.5556,I,F,A,A,A,A,L,S,I
484,0.31,0.31,0.6667,I,F,A,A,T,A,L,S,I
485,0.3142,0.3142,0.6667,I,F,A,A,T,A,L,S,I
486,0.3172,0.3172,0.6667,I,F,A,A,T,A,L,S,I
487,0.3101,0.3101,0.6667,I,F,A,A,T,A,L,S,I
488,0.207,0.207,0.5556,I,F,A,A,A,A,L,S,I
489,0.2961,0.2961,0.7778,L,F,A,A,T,A,L,S,I
490,0.3176,0.3176,0.6667,I,F,A,A,T,A,L,S,I
491,0.3148,0.3148,0.6667,I,F,A,A,T,A,L,S,I
492,0.32,0.32,0.6667,I,F,A,A,T,A,L,S,I
493,0.3224,0.3224,0.6667,I,F,A,A,T,A,L,S,I
494,0.3212,0.3212,0.6667,I,F,A,A,T,A,L,S,I
495,0.316,0.316,0.6667,I,F,A,A,T,A,L,S,I
496,0.3016,0.3016,0.6667,I,F,A,A,T,A,L,S,I
497,0.3151,0.3151,0.6667,I,F,A,A,T,A,L,S,I
498,0.3175,0.3175,0.6667,I,F,A,A,T,A,L,S,I
499,0.3187,0.3187,0.6667,I,F,A,A,T,A,L,S,I
500,0.328,0.328,0.6667,I,F,A,A,T,A,L,S,I
